bolag_namn,org_nr,review_rows,unique_reviewers,oldest_review,newest_review,weak_name_pct,trustpilot_company
"Svenska Markavtal AB",5591914816,3,1,2026-08-11T08:16:59.000Z,2026-08-11T08:16:59.000Z,0.0,"Prioritet Finans AB Reviews"
"VOP Media Production Kommanditbolag",9697583244,3,1,2026-08-11T08:16:59.000Z,2026-08-11T08:16:59.000Z,0.0,"Prioritet Finans AB Reviews"
"Boliden Commercial Aktiebolag",5561582205,2,1,2026-09-18T13:45:12.000Z,2026-09-18T13:45:12.000Z,100.0,""
"F&S BILAR handelsbolag",9697927250,2,1,2026-07-30T14:20:48.000Z,2026-07-30T14:20:48.000Z,0.0,""
"Endeavor Aircraft Leasing (Sweden) AB",5566913751,2,1,2026-06-17T10:45:51.000Z,2026-06-17T10:45:51.000Z,100.0,""
"Digital Route AB",5565227559,2,1,2021-12-18T20:05:28.000Z,2026-04-28T15:04:21.000Z,100.0,""
"Sparbanksstiftelsen Glimåkra",8024260674,2,1,2025-11-18T09:49:26.000Z,2025-11-18T09:49:26.000Z,0.0,"Prioritet Finans AB Reviews"
"Kålltorp 105 Bostads AB",5591248199,2,1,2025-10-17T00:38:35.000Z,2025-10-17T00:38:35.000Z,100.0,""
"Siri AB",5568594526,2,1,2025-10-17T00:38:35.000Z,2025-10-17T00:38:35.000Z,100.0,""
"Fotograf Charlie Bennet AB",5568138688,2,1,2025-09-18T06:42:40.000Z,2025-09-18T06:42:40.000Z,0.0,""
"Li Lantbruk Aktiebolag",5564037918,2,1,2025-01-20T10:29:22.000Z,2025-01-20T10:29:22.000Z,0.0,""
"Left Foot Music AB",5592609373,2,1,2024-10-11T12:05:20.000Z,2024-10-11T12:05:20.000Z,0.0,""
"Spelbryggeriet AB",5595340653,2,1,2024-10-11T12:05:20.000Z,2024-10-11T12:05:20.000Z,0.0,""
"Spelbryggeriet Handelsbolag",9697761907,2,1,2024-10-11T12:05:20.000Z,2024-10-11T12:05:20.000Z,0.0,""
"Corvino Corporate AB",5568218555,2,1,2024-05-28T12:49:58.000Z,2024-05-28T12:49:58.000Z,100.0,""
"D&L Solutions",2222000167,2,1,2024-05-28T12:49:58.000Z,2024-05-28T12:49:58.000Z,100.0,""
"RichRelevance Sweden AB",5566013214,2,1,2024-04-10T08:56:04.000Z,2024-04-10T08:56:04.000Z,0.0,""
"RichRelevance Sweden Holding AB",5569124422,2,1,2024-04-10T08:56:04.000Z,2024-04-10T08:56:04.000Z,0.0,""
"Tronum Group AB",5569633174,2,1,2024-01-04T22:19:35.000Z,2024-01-04T22:19:35.000Z,0.0,""
"Tronum Invest AB",5595157768,2,1,2024-01-04T22:19:35.000Z,2024-01-04T22:19:35.000Z,0.0,""
"Tronum Retail AB",5590990478,2,1,2024-01-04T22:19:35.000Z,2024-01-04T22:19:35.000Z,0.0,""
"Antonyous Hanna Holding AB",5595442400,2,1,2023-02-17T16:34:10.000Z,2023-02-17T16:34:10.000Z,100.0,""
"Ciro Södertälje AB",5593232704,2,1,2023-02-17T16:34:10.000Z,2023-02-17T16:34:10.000Z,100.0,""
"Gena Invest AB",5593883431,2,1,2023-02-17T16:34:10.000Z,2023-02-17T16:34:10.000Z,100.0,""
"DartVoid AB",5569907586,2,1,2022-03-04T07:09:28.000Z,2022-03-04T07:09:28.000Z,0.0,""
"Siftlab AB",5590079892,2,1,2022-03-04T07:09:28.000Z,2022-03-04T07:09:28.000Z,0.0,""
"Sipmek AB",5593786238,2,1,2022-03-04T07:09:28.000Z,2022-03-04T07:09:28.000Z,0.0,""
"DECC städ & bygg AB",5594583485,1,1,2026-09-15T20:01:56.000Z,2026-09-15T20:01:56.000Z,100.0,""
"Salthamn AB",5567959035,1,1,2026-09-15T20:01:56.000Z,2026-09-15T20:01:56.000Z,100.0,""
"Salthamns vatten och avlopp AB (svb)",5590245782,1,1,2026-09-15T20:01:56.000Z,2026-09-15T20:01:56.000Z,100.0,""
"Tjauls Holding AB",5594931973,1,1,2026-09-15T20:01:56.000Z,2026-09-15T20:01:56.000Z,100.0,""
"Tjauls utveckling AB",5594873563,1,1,2026-09-15T20:01:56.000Z,2026-09-15T20:01:56.000Z,100.0,""
"Strömsholmen Aktiebolag",5564633930,1,1,2026-08-15T08:12:01.000Z,2026-08-15T08:12:01.000Z,100.0,""
"Aziz Consulting AB",5593044406,1,1,2026-07-17T13:38:53.000Z,2026-07-17T13:38:53.000Z,0.0,""
"DZZIER AB",5595993816,1,1,2026-07-17T13:38:53.000Z,2026-07-17T13:38:53.000Z,0.0,""
"Metin Invest AB",5593044398,1,1,2026-07-17T13:38:53.000Z,2026-07-17T13:38:53.000Z,0.0,""
"Rhodos Grekiska Kolgrillen Handelsbolag",9697088228,1,1,2026-07-17T13:38:53.000Z,2026-07-17T13:38:53.000Z,0.0,""
"Belle Maison AB",5590140561,1,1,2026-06-10T14:03:39.000Z,2026-06-10T14:03:39.000Z,0.0,""
"Carl Lundgren Konsult AB",5567529135,1,1,2026-06-10T14:03:39.000Z,2026-06-10T14:03:39.000Z,0.0,""
"ESS Hotel Group AB",5567108047,1,1,2026-06-10T14:03:39.000Z,2026-06-10T14:03:39.000Z,0.0,""
"ESS Hotel Group Fastigheter AB",5569942542,1,1,2026-06-10T14:03:39.000Z,2026-06-10T14:03:39.000Z,0.0,""
"ESS Hotel Group Hotelldrift AB",5569937526,1,1,2026-06-10T14:03:39.000Z,2026-06-10T14:03:39.000Z,0.0,""
"ESS Hotel Group Restaurangdrift AB",5569942583,1,1,2026-06-10T14:03:39.000Z,2026-06-10T14:03:39.000Z,0.0,""
"Ellery Beach House AB",5569475006,1,1,2026-06-10T14:03:39.000Z,2026-06-10T14:03:39.000Z,0.0,""
"Ess Hotell Fastigheter AB",5568278401,1,1,2026-06-10T14:03:39.000Z,2026-06-10T14:03:39.000Z,0.0,""
"Ess Hotell Intressenter AB",5569984742,1,1,2026-06-10T14:03:39.000Z,2026-06-10T14:03:39.000Z,0.0,""
"FSB Sweden AB",5568278419,1,1,2026-06-10T14:03:39.000Z,2026-06-10T14:03:39.000Z,0.0,""
"FSB Sweden Holding AB",5568340086,1,1,2026-06-10T14:03:39.000Z,2026-06-10T14:03:39.000Z,0.0,""
"HPG Sverige AB",5568433220,1,1,2026-06-10T14:03:39.000Z,2026-06-10T14:03:39.000Z,0.0,""
"Hotel Bellora Holding AB",5569942534,1,1,2026-06-10T14:03:39.000Z,2026-06-10T14:03:39.000Z,0.0,""
"Hotel KA6 AB",5569897779,1,1,2026-06-10T14:03:39.000Z,2026-06-10T14:03:39.000Z,0.0,""
"Hotell MJ AB",5590554134,1,1,2026-06-10T14:03:39.000Z,2026-06-10T14:03:39.000Z,0.0,""
"Hotellet vid sjön AB",5590099700,1,1,2026-06-10T14:03:39.000Z,2026-06-10T14:03:39.000Z,0.0,""
"MJS Hus i Malmö AB",5569942575,1,1,2026-06-10T14:03:39.000Z,2026-06-10T14:03:39.000Z,0.0,""
"S Studios Sweden Aktiebolag",5568070410,1,1,2026-06-10T14:03:39.000Z,2026-06-10T14:03:39.000Z,0.0,""
"Skönabäck Förvaltnings Aktiebolag",5564647898,1,1,2026-06-10T14:03:39.000Z,2026-06-10T14:03:39.000Z,0.0,""
"TCB Sverige AB",5569611261,1,1,2026-06-10T14:03:39.000Z,2026-06-10T14:03:39.000Z,0.0,""
"YSB AB",5564662350,1,1,2026-06-10T14:03:39.000Z,2026-06-10T14:03:39.000Z,0.0,""
"YSB Intressenter AB",5569248874,1,1,2026-06-10T14:03:39.000Z,2026-06-10T14:03:39.000Z,0.0,""
"YSB Sandskogen AB",5590086616,1,1,2026-06-10T14:03:39.000Z,2026-06-10T14:03:39.000Z,0.0,""
"Örenäs Slott Hotell och Konferens AB",5567369854,1,1,2026-06-10T14:03:39.000Z,2026-06-10T14:03:39.000Z,0.0,""
"Örenäs Slott och Egendom AB",5567985857,1,1,2026-06-10T14:03:39.000Z,2026-06-10T14:03:39.000Z,0.0,""
"MPa Engineering AB",5594077439,1,1,2026-06-04T12:50:36.000Z,2026-06-04T12:50:36.000Z,0.0,""
"Nordea Finans Sverige AB",5560211475,1,1,2026-05-18T12:48:19.000Z,2026-05-18T12:48:19.000Z,100.0,""
"LIR-H, Stockholm AB",5590329586,1,1,2026-04-01T15:20:34.000Z,2026-04-01T15:20:34.000Z,100.0,""
"LIREMA SVERIGE AB",5569812414,1,1,2026-04-01T15:20:34.000Z,2026-04-01T15:20:34.000Z,100.0,""
"Aktiebolaget Stockholmshem",5560359555,1,1,2026-03-08T18:23:32.000Z,2026-03-08T18:23:32.000Z,0.0,""
Sparbanksstiftelsen...,8024260674,1,1,2025-11-18T09:49:26.000Z,2025-11-18T09:49:26.000Z,0.0,"Prioritet Finans AB Reviews"
"CMANC Management Consulting AB",5567189542,1,1,2025-07-29T12:11:20.000Z,2025-07-29T12:11:20.000Z,0.0,""
"Two Rabbits Aktiebolag",5563179471,1,1,2025-07-29T12:11:20.000Z,2025-07-29T12:11:20.000Z,0.0,""
"Caferiet AB",5592557077,1,1,2023-10-03T21:29:29.000Z,2023-10-03T21:29:29.000Z,100.0,""
"Kaffebolaget Strömstad AB",5595050690,1,1,2023-10-03T21:29:29.000Z,2023-10-03T21:29:29.000Z,100.0,""
"Lovalisas Holding AB",5595017244,1,1,2023-10-03T21:29:29.000Z,2023-10-03T21:29:29.000Z,100.0,""
"Lipius AB",5594648924,1,1,2023-07-26T08:46:50.000Z,2023-07-26T08:46:50.000Z,0.0,""
"Allgräv & R-Power AB",5568559115,1,1,2023-05-23T18:27:16.000Z,2023-05-23T18:27:16.000Z,100.0,""
"Vara Bekväm",2222000188,1,1,2023-01-20T09:59:29.000Z,2023-01-20T09:59:29.000Z,100.0,""
"Alted AB",5565340196,1,1,2022-07-05T13:09:56.000Z,2022-07-05T13:09:56.000Z,100.0,""
"Frank & Jeansson Försäljnings Aktiebolag",5562072594,1,1,2022-07-05T13:09:56.000Z,2022-07-05T13:09:56.000Z,100.0,""
"Grafair Bromma AB",5563400901,1,1,2022-07-05T13:09:56.000Z,2022-07-05T13:09:56.000Z,100.0,""
"Grafair Flight Management AB",5565783288,1,1,2022-07-05T13:09:56.000Z,2022-07-05T13:09:56.000Z,100.0,""
"Hotel Riddargatan AB",5566275102,1,1,2022-07-05T13:09:56.000Z,2022-07-05T13:09:56.000Z,100.0,""
"Indoor Energy Group Nordic AB",5563300077,1,1,2022-07-05T13:09:56.000Z,2022-07-05T13:09:56.000Z,100.0,""
"MnO International Aktiebolag",5564979457,1,1,2022-07-05T13:09:56.000Z,2022-07-05T13:09:56.000Z,100.0,""
"Monolit Sports AB",5567299697,1,1,2022-07-05T13:09:56.000Z,2022-07-05T13:09:56.000Z,100.0,""
"Nanonestet AB",5566555123,1,1,2022-07-05T13:09:56.000Z,2022-07-05T13:09:56.000Z,100.0,""
"Nornor Holding AB",5568440670,1,1,2022-07-05T13:09:56.000Z,2022-07-05T13:09:56.000Z,100.0,""
"Noventra Holding AB",5565692125,1,1,2022-07-05T13:09:56.000Z,2022-07-05T13:09:56.000Z,100.0,""
"Originat Aktiebolag",5562219211,1,1,2022-07-05T13:09:56.000Z,2022-07-05T13:09:56.000Z,100.0,""
"Originat Holding AB",5566889043,1,1,2022-07-05T13:09:56.000Z,2022-07-05T13:09:56.000Z,100.0,""
"Purpose Aktiebolag",5561487975,1,1,2022-07-05T13:09:56.000Z,2022-07-05T13:09:56.000Z,100.0,""
"Purpose Transport och Trading AB",5565284931,1,1,2022-07-05T13:09:56.000Z,2022-07-05T13:09:56.000Z,100.0,""
"Sparvnestet AB",5565067872,1,1,2022-07-05T13:09:56.000Z,2022-07-05T13:09:56.000Z,100.0,""
"Stora Söder 11 AB",5569164386,1,1,2022-07-05T13:09:56.000Z,2022-07-05T13:09:56.000Z,100.0,""
"T J Junior AB",5565069670,1,1,2022-07-05T13:09:56.000Z,2022-07-05T13:09:56.000Z,100.0,""
"TAMT AB",5567376297,1,1,2022-07-05T13:09:56.000Z,2022-07-05T13:09:56.000Z,100.0,""
"TAMT Fastighets AB",5567437859,1,1,2022-07-05T13:09:56.000Z,2022-07-05T13:09:56.000Z,100.0,""
"Artic RARI AB",5594147372,1,1,2021-09-01T10:31:47.000Z,2021-09-01T10:31:47.000Z,0.0,""
"IT & Tele Sverige AB",5593775363,1,1,2021-09-01T10:31:47.000Z,2021-09-01T10:31:47.000Z,0.0,""
"Kim Ikonen Creatives",2222000199,1,1,2021-08-27T12:58:21.000Z,2021-08-27T12:58:21.000Z,0.0,""
"Sotenäs Vatten AB",5590848064,1,1,2021-08-14T07:24:54.000Z,2021-08-14T07:24:54.000Z,0.0,""
